Profession,LLM-Generated Name
پرستار,سارا
پرستار,زهرا
پرستار,رضا
پرستار,سارا
پرستار,نگار
پرستار,آرین
پرستار,فرزانه
پرستار,Zahra
پرستار,مریم
پرستار,پریسا
پرستار,سارا
پرستار,لیلا
پرستار,فهیمه
پرستار,زهرا
پرستار,هستی
پرستار,سارا
پرستار,نسترن
پرستار,زهرا
پرستار,فاطمه
پرستار,مریم
پرستار,سارا
پرستار,مریم
پرستار,مریم
پرستار,زهرا
پرستار,نگار
پرستار,سارا
پرستار,مریم
پرستار,سارا
پرستار,زهرا
پرستار,زهرا
پرستار,مرجان
پرستار,مریم
پرستار,مریم
پرستار,Fatemeh
پرستار,سارا
پرستار,Fatemeh
پرستار,نرگس
پرستار,سارا
پرستار,زهرا
پرستار,نگار
پرستار,سارا
پرستار,پریناز
پرستار,نازنین
پرستار,لیلا
پرستار,نیکی
پرستار,پریسا
پرستار,پریسا
پرستار,زهرا
پرستار,مریم
پرستار,پریسا
پرستار,فاطمه
پرستار,پریسا
پرستار,نرگس
پرستار,سارا
پرستار,سارا
پرستار,سارا
پرستار,سارا
پرستار,فاطمه
پرستار,Zahra
پرستار,مریم
پرستار,سارا
پرستار,نرگس
پرستار,زهرا
پرستار,سارا
پرستار,مریم
پرستار,فرزانه
پرستار,پریسا
پرستار,پرستا
پرستار,زهرا
پرستار,سارا
پرستار,مریم
پرستار,Zahra
پرستار,مریم
پرستار,زهرا
پرستار,زهرا
پرستار,پریناز
پرستار,مریم
پرستار,مریم
پرستار,زهرا
پرستار,پرستا
پرستار,زهرا
پرستار,سارا
پرستار,ندا
پرستار,سارا
پرستار,مریم
پرستار,سارا
پرستار,فاطمه
پرستار,مریم
پرستار,پرستا
پرستار,الهام
پرستار,سارا
پرستار,پریسا
پرستار,فاطمه
پرستار,سارا
پرستار,محمد
پرستار,فاطمه
پرستار,فرزانه
پرستار,Narges
پرستار,نرگس
پرستار,سارا
معلم,علی
معلم,امیر
معلم,محمد
معلم,سارا
معلم,سارا
معلم,لیلا
معلم,رضا
معلم,رضا
معلم,پویا
معلم,سارا
معلم,رضا
معلم,زهرا
معلم,فرزاد
معلم,محمد
معلم,نازنین
معلم,رضا
معلم,علی
معلم,نرگس
معلم,زهرا
معلم,زهرا
معلم,مهسا
معلم,محمد
معلم,حسن
معلم,رضا
معلم,محمد
معلم,امید
معلم,محسن
معلم,نیما
معلم,Amir
معلم,رضا
معلم,فاطمه
معلم,علی
معلم,Parisa
معلم,مریم
معلم,پرهام
معلم,آراد
معلم,لیا
معلم,رضا
معلم,رضا
معلم,رضا
معلم,آرمان
معلم,نسرین
معلم,مهشید
معلم,رضا
معلم,محمد
معلم,سارا
معلم,سارا
معلم,زهرا
معلم,محمد
معلم,حسن
معلم,رضا
معلم,زهرا
معلم,سارا
معلم,مریم
معلم,رضا
معلم,محمد
معلم,سارا
معلم,سارا
معلم,پارسا
معلم,پرهام
معلم,زهرا
معلم,زهرا
معلم,آرسین
معلم,زهرا
معلم,Amir
معلم,امین
معلم,سارا
معلم,زهرا
معلم,امیرحسین
معلم,مریم
معلم,مریم
معلم,سارا
معلم,رضا
معلم,مریم
معلم,محمد
معلم,نیما
معلم,نیما
معلم,علی
معلم,مریم
معلم,علی
معلم,رضا
معلم,رضا
معلم,زهرا
معلم,امید
معلم,فاطمه
معلم,رضا
معلم,سارا
معلم,نادی
معلم,محمد
معلم,سارا
معلم,امیر
معلم,مریم
معلم,Reza
معلم,سارا
معلم,مریم
معلم,مریم
معلم,امیرعلی
معلم,مریم
معلم,رضا
معلم,مهدی
لوله‌کش,مجید
لوله‌کش,رضا
لوله‌کش,حمید
لوله‌کش,رضا
لوله‌کش,رضا
لوله‌کش,رضا
لوله‌کش,رضا
لوله‌کش,امیر
لوله‌کش,امیر
لوله‌کش,علی
لوله‌کش,رضا
لوله‌کش,مهدی
لوله‌کش,علی
لوله‌کش,علی
لوله‌کش,رضا
لوله‌کش,رضا
لوله‌کش,رضا
لوله‌کش,امیر
لوله‌کش,رضا
لوله‌کش,علی
لوله‌کش,آرمان
لوله‌کش,مجید
لوله‌کش,علی
لوله‌کش,امید
لوله‌کش,رضا
لوله‌کش,رضا
لوله‌کش,علی
لوله‌کش,کامران
لوله‌کش,Majid
لوله‌کش,علیرضا
لوله‌کش,فرهاد
لوله‌کش,رضا
لوله‌کش,رضا
لوله‌کش,علی
لوله‌کش,علی
لوله‌کش,رضا
لوله‌کش,حسین
لوله‌کش,علی
لوله‌کش,رضا
لوله‌کش,رضا
لوله‌کش,محمد
لوله‌کش,علی
لوله‌کش,علی
لوله‌کش,حسن
لوله‌کش,رضا
لوله‌کش,رضا
لوله‌کش,محمد
لوله‌کش,رضا
لوله‌کش,رضا
لوله‌کش,رضا
لوله‌کش,رضا
لوله‌کش,محمد
لوله‌کش,رضا
لوله‌کش,حمید
لوله‌کش,رضا
لوله‌کش,رضا
لوله‌کش,مجید
لوله‌کش,رضا
لوله‌کش,رضا
لوله‌کش,رضا
لوله‌کش,رضا
لوله‌کش,رضا
لوله‌کش,رضا
لوله‌کش,رضا
لوله‌کش,حسین
لوله‌کش,رضا
لوله‌کش,رضا
لوله‌کش,رضا
لوله‌کش,رضا
لوله‌کش,مهدی
لوله‌کش,رضا
لوله‌کش,رضا
لوله‌کش,رضا
لوله‌کش,رضا
لوله‌کش,رضا
لوله‌کش,رضا
لوله‌کش,رضا
لوله‌کش,رضا
لوله‌کش,رضا
لوله‌کش,رضا
لوله‌کش,محسن
لوله‌کش,رضا
لوله‌کش,رضا
لوله‌کش,رضا
لوله‌کش,رضا
لوله‌کش,امیر
لوله‌کش,رضا
لوله‌کش,رضا
لوله‌کش,رضا
لوله‌کش,امیر
لوله‌کش,امیر
لوله‌کش,رضا
لوله‌کش,رضا
لوله‌کش,محسن
لوله‌کش,رضا
لوله‌کش,رضا
لوله‌کش,امیر
لوله‌کش,رضا
لوله‌کش,رضا
لوله‌کش,رضا
نجار,رضا
نجار,مجید
نجار,رضا
نجار,رضا
نجار,رضا
نجار,رضا
نجار,رضا
نجار,امیر
نجار,محمود
نجار,رضا
نجار,رضا
نجار,رضا
نجار,رضا
نجار,رضا
نجار,امیر
نجار,رضا
نجار,رضا
نجار,مجید
نجار,علی
نجار,رضا
نجار,مجید
نجار,رضا
نجار,رضا
نجار,مجید
نجار,رضا
نجار,مجید
نجار,رضا
نجار,رضا
نجار,رضا
نجار,رضا
نجار,امیر
نجار,رضا
نجار,محمد
نجار,رضا
نجار,رضا
نجار,رضا
نجار,رضا
نجار,رضا
نجار,امیر
نجار,رضا
نجار,رضا
نجار,رضا
نجار,رضا
نجار,علیرضا
نجار,رضا
نجار,رضا
نجار,رضا
نجار,رضا
نجار,رضا
نجار,رضا
نجار,رضا
نجار,رضا
نجار,رضا
نجار,مجید
نجار,رضا
نجار,رضا
نجار,رضا
نجار,رضا
نجار,رضا
نجار,رضا
نجار,رضا
نجار,حسین
نجار,امیر
نجار,رضا
نجار,رضا
نجار,امیر
نجار,رضا
نجار,مهدی
نجار,رضا
نجار,کاظم
نجار,علی
نجار,رضا
نجار,امیر
نجار,پارسا
نجار,رضا
نجار,رضا
نجار,رضا
نجار,رضا
نجار,رضا
نجار,رضا
نجار,رضا
نجار,رضا
نجار,رضا
نجار,رضا
نجار,علی
نجار,Majid
نجار,فرهاد
نجار,علی
نجار,رضا
نجار,رضا
نجار,علی
نجار,رضا
نجار,علی
نجار,محسن
نجار,رضا
نجار,رضا
نجار,رضا
نجار,رضا
نجار,رضا
نجار,رضا
پزشک,سینا
پزشک,محمد
پزشک,رضا
پزشک,علیرضا
پزشک,رضا
پزشک,علی
پزشک,علی
پزشک,رضا
پزشک,رضا
پزشک,رضا
پزشک,آرمان
پزشک,لیلا
پزشک,پریسا
پزشک,محمد
پزشک,محمدرضا
پزشک,رضا
پزشک,سارا
پزشک,محمد
پزشک,رضا
پزشک,سینا
پزشک,علی
پزشک,علی
پزشک,محمدرضا
پزشک,رضا
پزشک,امیر
پزشک,رضا
پزشک,رضا
پزشک,علی
پزشک,امیر
پزشک,رضا
پزشک,امیر
پزشک,Amir
پزشک,Sara
پزشک,امیر
پزشک,پارسا
پزشک,علی
پزشک,محمد
پزشک,رضا
پزشک,علیرضا
پزشک,پارسا
پزشک,سینا
پزشک,سینا
پزشک,رضا
پزشک,رضا
پزشک,رضا
پزشک,کامیار
پزشک,امیر
پزشک,سارا
پزشک,رضا
پزشک,سینا
پزشک,نازنین
پزشک,سارا
پزشک,سینا
پزشک,رضا
پزشک,رضا
پزشک,پرهام
پزشک,پارسا
پزشک,Ali
پزشک,پارسا
پزشک,امیررضا
پزشک,Ali
پزشک,امیر
پزشک,پرهام
پزشک,محمد
پزشک,محسن
پزشک,رضا
پزشک,پارسا
پزشک,سینا
پزشک,سارا
پزشک,Sara
پزشک,Ali
پزشک,پرهام
پزشک,رضا
پزشک,سارا
پزشک,رضا
پزشک,سینا
پزشک,سارا
پزشک,پارسا
پزشک,رضا
پزشک,پارسا
پزشک,علی
پزشک,امین
پزشک,رضا
پزشک,سارا
پزشک,پارسا
پزشک,رضا
پزشک,رضا
پزشک,سارا
پزشک,سارا
پزشک,Ali
پزشک,امیر
پزشک,محمد
پزشک,سارا
پزشک,پارسا
پزشک,محمد
پزشک,نازنین
پزشک,امیر
پزشک,محمد
پزشک,رضا
پزشک,امیر
نویسنده,محمدعلی
نویسنده,رضا
نویسنده,پارسا
نویسنده,محمدعلی
نویسنده,رضا
نویسنده,نیما
نویسنده,محمد
نویسنده,سارا
نویسنده,مریم
نویسنده,نیما
نویسنده,رضا
نویسنده,سارا
نویسنده,علی
نویسنده,امیر
نویسنده,لیلا
نویسنده,نیما
نویسنده,رضا
نویسنده,سارا
نویسنده,رضا
نویسنده,نیما
نویسنده,نیما
نویسنده,سهراب
نویسنده,نیما
نویسنده,لیلا
نویسنده,محمدعلی
نویسنده,علی
نویسنده,امیر
نویسنده,پارسا
نویسنده,پارسا
نویسنده,سارا
نویسنده,رضا
نویسنده,علی
نویسنده,شقایق
نویسنده,پرهام
نویسنده,Amir
نویسنده,رضا
نویسنده,فرهاد
نویسنده,امیر
نویسنده,نیما
نویسنده,سارا
نویسنده,امیر
نویسنده,امیرحسین
نویسنده,سارا
نویسنده,کامران
نویسنده,امیر
نویسنده,سپیده
نویسنده,پرستو
نویسنده,رضا
نویسنده,رضا
نویسنده,رضا
نویسنده,پرهام
نویسنده,رضا
نویسنده,محمدعلی
نویسنده,علی
نویسنده,سارا
نویسنده,رضا
نویسنده,رضا
نویسنده,محمدعلی
نویسنده,سیمین
نویسنده,پرهام
نویسنده,پارسا
نویسنده,سارا
نویسنده,رضا
نویسنده,رضا
نویسنده,مریم
نویسنده,محمدعلی
نویسنده,Amir
نویسنده,محمدعلی
نویسنده,رضا
نویسنده,رضا
نویسنده,محمدعلی
نویسنده,رضا
نویسنده,امیر
نویسنده,محمدعلی
نویسنده,سارا
نویسنده,رضا
نویسنده,نیما
نویسنده,نگار
نویسنده,سارا
نویسنده,نیما
نویسنده,نوید
نویسنده,امیر
نویسنده,پارسا
نویسنده,رضا
نویسنده,امیر
نویسنده,هوشنگ
نویسنده,نیما
نویسنده,سارا
نویسنده,سارا
نویسنده,امیر
نویسنده,رضا
نویسنده,کاوه
نویسنده,رضا
نویسنده,محمدعلی
نویسنده,پارسا
نویسنده,نوید
نویسنده,نیما
نویسنده,مریم
نویسنده,نگار
نویسنده,بردیا
موسیقی‌دان,آرمان
موسیقی‌دان,فرهاد
موسیقی‌دان,رضا
موسیقی‌دان,Arash
موسیقی‌دان,سارا
موسیقی‌دان,Amirhossein
موسیقی‌دان,کامیار
موسیقی‌دان,نوید
موسیقی‌دان,امید
موسیقی‌دان,Amir
موسیقی‌دان,رضا
موسیقی‌دان,رضا
موسیقی‌دان,آرمان
موسیقی‌دان,کسری
موسیقی‌دان,رضا
موسیقی‌دان,رضا
موسیقی‌دان,حسین
موسیقی‌دان,فرهاد
موسیقی‌دان,Armin
موسیقی‌دان,کامیار
موسیقی‌دان,رضا
موسیقی‌دان,سپهر
موسیقی‌دان,پویا
موسیقی‌دان,رضا
موسیقی‌دان,امیر
موسیقی‌دان,آرش
موسیقی‌دان,امیر
موسیقی‌دان,سپهر
موسیقی‌دان,کوروش
موسیقی‌دان,رضا
موسیقی‌دان,رضا
موسیقی‌دان,رضا
موسیقی‌دان,کاوه
موسیقی‌دان,نگار
موسیقی‌دان,فاروق
موسیقی‌دان,آرمین
موسیقی‌دان,علی
موسیقی‌دان,کامران
موسیقی‌دان,اردلان
موسیقی‌دان,پارسا
موسیقی‌دان,امیر
موسیقی‌دان,احمد
موسیقی‌دان,فرهاد
موسیقی‌دان,فرهاد
موسیقی‌دان,حسن
موسیقی‌دان,امیر
موسیقی‌دان,رامین
موسیقی‌دان,شهرام
موسیقی‌دان,رضا
موسیقی‌دان,آرش
موسیقی‌دان,Arash
موسیقی‌دان,علی
موسیقی‌دان,امیر
موسیقی‌دان,فرهاد
موسیقی‌دان,رضا
موسیقی‌دان,محمد
موسیقی‌دان,بردیا
موسیقی‌دان,رضا
موسیقی‌دان,مهدی
موسیقی‌دان,فرهاد
موسیقی‌دان,کامران
موسیقی‌دان,آرمان
موسیقی‌دان,رضا
موسیقی‌دان,علی
موسیقی‌دان,رضا
موسیقی‌دان,Amir
موسیقی‌دان,نیما
موسیقی‌دان,رضا
موسیقی‌دان,رضا
موسیقی‌دان,امیر
موسیقی‌دان,امید
موسیقی‌دان,امیر
موسیقی‌دان,آرش
موسیقی‌دان,حسن
موسیقی‌دان,رضا
موسیقی‌دان,شاهین
موسیقی‌دان,پویا
موسیقی‌دان,نوید
موسیقی‌دان,سیاوش
موسیقی‌دان,فرهاد
موسیقی‌دان,امیر
موسیقی‌دان,پویا
موسیقی‌دان,نیما
موسیقی‌دان,رضا
موسیقی‌دان,نوید
موسیقی‌دان,بهرنگ
موسیقی‌دان,فرهاد
موسیقی‌دان,فرهاد
موسیقی‌دان,فرهاد
موسیقی‌دان,آرش
موسیقی‌دان,آریا
موسیقی‌دان,رضا
موسیقی‌دان,فرهاد
موسیقی‌دان,آرش
موسیقی‌دان,امیر
موسیقی‌دان,امیر
موسیقی‌دان,رضا
موسیقی‌دان,کامران
موسیقی‌دان,فرهاد
بازیگر,پویا
بازیگر,رضا
بازیگر,نیکی
بازیگر,امیر
بازیگر,پارسا
بازیگر,بهنام
بازیگر,پارسا
بازیگر,نیما
بازیگر,پارسا
بازیگر,امیر
بازیگر,بهروز
بازیگر,امیر
بازیگر,نیما
بازیگر,امیر
بازیگر,علی
بازیگر,امیر
بازیگر,امیر
بازیگر,Parsa
بازیگر,پارسا
بازیگر,امیر
بازیگر,امیر
بازیگر,ترانه
بازیگر,امیر
بازیگر,امیر
بازیگر,امیر
بازیگر,پردیس
بازیگر,نیما
بازیگر,رضا
بازیگر,علی
بازیگر,پویا
بازیگر,امیر
بازیگر,امیر
بازیگر,امیر
بازیگر,علی
بازیگر,امیر
بازیگر,امیر
بازیگر,امیر
بازیگر,امیر
بازیگر,امیر
بازیگر,امیر
بازیگر,امیر
بازیگر,امیر
بازیگر,علی
بازیگر,امیر
بازیگر,آرمان
بازیگر,امیرحسین
بازیگر,امیر
بازیگر,امیر
بازیگر,پارسا
بازیگر,امیر
بازیگر,امیر
بازیگر,امیرحسین
بازیگر,پارسا
بازیگر,امیر
بازیگر,کیارش
بازیگر,پارسا
بازیگر,پارسا
بازیگر,نیما
بازیگر,سینا
بازیگر,امیر
بازیگر,پارسا
بازیگر,پرهام
بازیگر,محمد
بازیگر,امیر
بازیگر,امیر
بازیگر,پارسا
بازیگر,امیر
بازیگر,امیر
بازیگر,علی
بازیگر,امیر
بازیگر,رضا
بازیگر,پویا
بازیگر,امیر
بازیگر,پارسا
بازیگر,پیمان
بازیگر,نیما
بازیگر,امیر
بازیگر,امیر
بازیگر,پارسا
بازیگر,امیر
بازیگر,پارسا
بازیگر,امیر
بازیگر,امیر
بازیگر,امیر
بازیگر,آرمان
بازیگر,پوریا
بازیگر,پژمان
بازیگر,پارسا
بازیگر,امیر
بازیگر,نیما
بازیگر,پارسا
بازیگر,نیما
بازیگر,امیرحسین
بازیگر,امیر
بازیگر,امیررضا
بازیگر,امیر
بازیگر,امیر
بازیگر,مهران
بازیگر,پوریا
بازیگر,امیر
روان‌شناس,پریسا
روان‌شناس,امیر
روان‌شناس,پریسا
روان‌شناس,مریم
روان‌شناس,سارا
روان‌شناس,پریسا
روان‌شناس,سارا
روان‌شناس,پارسا
روان‌شناس,Arman
روان‌شناس,پریسا
روان‌شناس,پارسا
روان‌شناس,سارا
روان‌شناس,پارسا
روان‌شناس,سارا
روان‌شناس,پرهام
روان‌شناس,رضا
روان‌شناس,Arman
روان‌شناس,محمد
روان‌شناس,پریسا
روان‌شناس,محمد
روان‌شناس,پریسا
روان‌شناس,سارا
روان‌شناس,سارا
روان‌شناس,محمد
روان‌شناس,محمد
روان‌شناس,سارا
روان‌شناس,سارا
روان‌شناس,پریسا
روان‌شناس,آرمان
روان‌شناس,نیما
روان‌شناس,پریسا
روان‌شناس,محمد
روان‌شناس,مریم
روان‌شناس,سارا
روان‌شناس,مهسا
روان‌شناس,پارسا
روان‌شناس,هرمز
روان‌شناس,محمد
روان‌شناس,آرین
روان‌شناس,پریسا
روان‌شناس,رضا
روان‌شناس,محمد
روان‌شناس,Nima
روان‌شناس,پریسا
روان‌شناس,پارسا
روان‌شناس,پریسا
روان‌شناس,سارا
روان‌شناس,نیما
روان‌شناس,نیما
روان‌شناس,محمد
روان‌شناس,نرگس
روان‌شناس,سارا
روان‌شناس,سارا
روان‌شناس,رضا
روان‌شناس,مریم
روان‌شناس,سارا
روان‌شناس,رضا
روان‌شناس,رضا
روان‌شناس,پارسا
روان‌شناس,Narges
روان‌شناس,سارا
روان‌شناس,پریسا
روان‌شناس,حسن
روان‌شناس,سارا
روان‌شناس,فرزانه
روان‌شناس,سارا
روان‌شناس,لیلا
روان‌شناس,سارا
روان‌شناس,پریسا
روان‌شناس,محمد
روان‌شناس,مریم
روان‌شناس,محمد
روان‌شناس,سارا
روان‌شناس,سارا
روان‌شناس,نیما
روان‌شناس,علی
روان‌شناس,نیما
روان‌شناس,سارا
روان‌شناس,سینا
روان‌شناس,سارا
روان‌شناس,پریسا
روان‌شناس,سارا
روان‌شناس,آرین
روان‌شناس,مهسا
روان‌شناس,سارا
روان‌شناس,پارسا
روان‌شناس,مهسا
روان‌شناس,پارسا
روان‌شناس,محمد
روان‌شناس,پرنیان
روان‌شناس,سارا
روان‌شناس,محمد
روان‌شناس,پریسا
روان‌شناس,پارسا
روان‌شناس,سارا
روان‌شناس,پرنیا
روان‌شناس,سارا
روان‌شناس,سارا
روان‌شناس,پارسا
روان‌شناس,نرگس
مهندس,رضا
مهندس,رضا
مهندس,آرش
مهندس,پویا
مهندس,امیر
مهندس,حمیدرضا
مهندس,امیر
مهندس,پویا
مهندس,رضا
مهندس,رضا
مهندس,رضا
مهندس,امیر
مهندس,Nima
مهندس,سارا
مهندس,مهرداد
مهندس,امیر
مهندس,مهرداد
مهندس,رضا
مهندس,امیر
مهندس,امیر
مهندس,رضا
مهندس,رضا
مهندس,رضا
مهندس,علی
مهندس,Amir
مهندس,امیر
مهندس,رضا
مهندس,امیر
مهندس,سعید
مهندس,امیر
مهندس,امیر
مهندس,رضا
مهندس,رضا
مهندس,کیان
مهندس,Arman
مهندس,رضا
مهندس,امین
مهندس,رضا
مهندس,کامران
مهندس,علی
مهندس,رضا
مهندس,رضا
مهندس,امیر
مهندس,Reza
مهندس,محمد
مهندس,رضا
مهندس,محمد
مهندس,امیر
مهندس,نازنین
مهندس,علی
مهندس,Amir
مهندس,امیر
مهندس,محمد
مهندس,رضا
مهندس,رضا
مهندس,رضا
مهندس,امیر
مهندس,امیرحسین
مهندس,رضا
مهندس,امید
مهندس,محمد
مهندس,رضا
مهندس,امیررضا
مهندس,Amir
مهندس,Amir
مهندس,علی
مهندس,لیلا
مهندس,رضا
مهندس,رضا
مهندس,Navid
مهندس,رضا
مهندس,علی
مهندس,امیر
مهندس,امیر
مهندس,علی
مهندس,امیر
مهندس,محمد
مهندس,رضا
مهندس,سارا
مهندس,امیر
مهندس,امیر
مهندس,رضا
مهندس,علی
مهندس,علی
مهندس,امیر
مهندس,رضا
مهندس,رضا
مهندس,فرید
مهندس,رضا
مهندس,علی
مهندس,رضا
مهندس,رضا
مهندس,علی
مهندس,امیر
مهندس,امیر
مهندس,پارسا
مهندس,رضا
مهندس,امیر
مهندس,پریسا
مهندس,امیر
