Color,LLM-Generated Name
صورتی,نورا
صورتی,نوشین
صورتی,پروانه
صورتی,میترا
صورتی,نرگس
صورتی,ریحانه
صورتی,نرگس
صورتی,مینا
صورتی,نورا
صورتی,پروانه
صورتی,سپیده
صورتی,نگین
صورتی,آرمان
صورتی,نرگس
صورتی,سپیده
صورتی,رخناز
صورتی,شیدا
صورتی,سپیده
صورتی,رنگین
صورتی,سپیده
صورتی,آسمان
صورتی,نگین
صورتی,شهناز
صورتی,نگین
صورتی,نرگس
صورتی,سرین
صورتی,مهناز
صورتی,نریمان
صورتی,آسمان
صورتی,سورین
صورتی,نورا
صورتی,سرین
صورتی,نگین
صورتی,رنگین
صورتی,نگار
صورتی,نیلا
صورتی,نگین
صورتی,آفتاب
صورتی,شهباز
صورتی,نگین
صورتی,مهیا
صورتی,سارا
صورتی,زهرا
صورتی,زهرا
صورتی,رنگین
صورتی,سپیده
صورتی,آرمان
صورتی,منیژه
صورتی,آرین
صورتی,نورا
صورتی,سهام
صورتی,شهناز
صورتی,فروغ
صورتی,مهران
صورتی,نیلوفر
صورتی,آسنا
صورتی,نیلوفر
صورتی,گلناز
صورتی,نرگس
صورتی,نرگس
صورتی,شهناز
صورتی,نهال
صورتی,آرمین
صورتی,رودابه
صورتی,سپیده
صورتی,گلناز
صورتی,سپیده
صورتی,صفیه
صورتی,خشیار
صورتی,فیروزه
صورتی,نعیمه
صورتی,نرگس
صورتی,آسمان
صورتی,نرگس
صورتی,ایرین
صورتی,هستی
صورتی,بیژن
صورتی,سیمین
صورتی,رحیم
صورتی,سرینا
صورتی,منیره
صورتی,حسن
صورتی,سرینا
صورتی,سهیلا
صورتی,سجاد
صورتی,نیلوفر
صورتی,سپند
صورتی,نورا
آبی,آناهیتا
آبی,آبان
آبی,سیما
آبی,اسرا
آبی,نگین
آبی,نیلوفر
آبی,آفرین
آبی,آسمان
آبی,سرینا
آبی,آروان
آبی,آروین
آبی,سیما
آبی,آسمان
آبی,سیما
آبی,آسمان
آبی,آسمان
آبی,نیلوفر
آبی,نیلوفر
آبی,آذر
آبی,آزرا
آبی,آناهیتا
آبی,آرمین
آبی,آناهیتا
آبی,آزرا
آبی,آناهیتا
آبی,نگین
آبی,نیلوفر
آبی,نیلوفر
آبی,نیلوفر
آبی,نیلوفر
آبی,آریا
آبی,دیبا
آبی,سیمین
آبی,نیلوفر
آبی,نیلوفر
آبی,نیلوفر
آبی,آرمان
آبی,نوید
آبی,سپهر
آبی,نیلوفر
آبی,کیانا
آبی,نیلوفر
آبی,نیلوفر
آبی,نیلوفر
آبی,آناهیتا
آبی,نیلوفر
آبی,آسنا
آبی,نیلوفر
آبی,آذر
آبی,آذر
آبی,آسمان
آبی,نیلوفر
آبی,سما
آبی,آناهیتا
آبی,سروش
آبی,آسمان
آبی,آذر
آبی,نگین
آبی,سیامک
آبی,آرمان
آبی,نیلوفر
آبی,آسمان
آبی,نیلوفر
آبی,آزرا
آبی,نیلوفر
آبی,آسمان
آبی,آذر
آبی,آسمان
آبی,نیلوفر
آبی,نیلوفر
آبی,آذر
آبی,آسمان
آبی,نیلوفر
آبی,ناهید
آبی,آسمان
آبی,آریا
آبی,آندره
آبی,آناهیتا
آبی,نگین
آبی,آناهیتا
آبی,آسمان
آبی,آسمان
آبی,نیلوفر
آبی,آسمان
آبی,نیلوفر
آبی,آروان
آبی,نیلوفر
آبی,نیلوفر
آبی,آسمان
آبی,آسمان
آبی,آسمان
آبی,سیمین
آبی,آزرا
آبی,آیلا
آبی,آذر
آبی,نیلوفر
آبی,نگار
آبی,آسنا
آبی,آناهیتا
بنفش,نیلوفر
بنفش,نیلوفر
بنفش,سپیده
بنفش,آوان
بنفش,نگین
بنفش,ارین
بنفش,فریبا
بنفش,نازیلا
بنفش,نورا
بنفش,نیلوفر
بنفش,نیلوفر
بنفش,نیلوفر
بنفش,نورا
بنفش,نیلا
بنفش,آناهیتا
بنفش,بنفشه
بنفش,بنفشه
بنفش,زهرا
بنفش,نگین
بنفش,نیلوفر
بنفش,نیلوفر
بنفش,سما
بنفش,سما
بنفش,نیلوفر
بنفش,بنفشه
بنفش,نگین
بنفش,آیرا
بنفش,نیلا
بنفش,نرگس
بنفش,نیلوفر
بنفش,سما
بنفش,سما
بنفش,بنفشه
بنفش,نیلوفر
بنفش,نگین
بنفش,نگین
بنفش,نیلا
بنفش,نیلا
بنفش,نگین
بنفش,آسمان
بنفش,امید
بنفش,نگین
بنفش,نگین
بنفش,نیلوفر
بنفش,بنفشه
بنفش,نیلوفر
بنفش,نیلا
بنفش,نیلوفر
بنفش,منیژه
بنفش,نیلوفر
بنفش,نیلوفر
بنفش,نیلوفر
بنفش,نیلوفر
بنفش,بنفشه
بنفش,نیلا
بنفش,نیلوفر
بنفش,نگین
بنفش,نیلوفر
بنفش,نیما
بنفش,آریا
بنفش,نیلوفر
بنفش,نیلوفر
بنفش,سروش
بنفش,کیانا
بنفش,نیلوفر
بنفش,سیامک
بنفش,نگین
بنفش,نگین
بنفش,نگین
بنفش,مینا
بنفش,نگین
بنفش,نرگس
بنفش,نیلوفر
بنفش,آسمان
بنفش,نگین
بنفش,نیلا
بنفش,نیلوفر
بنفش,آزرا
بنفش,نیلوفر
بنفش,نیلوفر
بنفش,نیلوفر
بنفش,لیلا
بنفش,نیلوفر
بنفش,نیلوفر
بنفش,آناهیتا
بنفش,بهناز
بنفش,بنفشه
بنفش,نگین
بنفش,نیلوفر
بنفش,نرگس
بنفش,نگار
بنفش,آذرنگ
بنفش,نیلا
بنفش,نیلوفر
بنفش,سرین
بنفش,نیلوفر
بنفش,نیلوفر
بنفش,نیلوفر
بنفش,نوشین
مشکی,سیاوش
مشکی,سیروس
مشکی,سیاوش
مشکی,میترا
مشکی,امیرا
مشکی,سیاوش
مشکی,سیامک
مشکی,سیاوش
مشکی,سیاوش
مشکی,سیاوش
مشکی,حسن
مشکی,شهاب
مشکی,سیاوش
مشکی,سیاوش
مشکی,سیامک
مشکی,سیاوش
مشکی,مهسا
مشکی,بنفشه
مشکی,سیاوش
مشکی,سیاوش
مشکی,سهراب
مشکی,سیما
مشکی,سیاوش
مشکی,سیمین
مشکی,سیما
مشکی,سیمین
مشکی,ناز
مشکی,کوروش
مشکی,سیاوش
مشکی,سهیلا
مشکی,حسین
مشکی,سیاوش
مشکی,سیاوش
مشکی,مینا
مشکی,سیاوش
مشکی,سیروس
مشکی,سیاوش
مشکی,سیاوش
مشکی,سیمین
مشکی,مهناز
مشکی,سیمین
مشکی,سیاوش
مشکی,سهراب
مشکی,سینا
مشکی,سودابه
مشکی,سیاوش
مشکی,سیاوش
مشکی,سیامک
مشکی,سیاوش
مشکی,سیاوش
مشکی,سیما
مشکی,سیاوش
مشکی,سهیلا
مشکی,گیسو
مشکی,سهیلا
مشکی,سیاوش
مشکی,مهناز
مشکی,سیما
مشکی,سیاوش
مشکی,سرنا
مشکی,سیروس
مشکی,سیاوش
مشکی,گیسو
مشکی,سیاوش
مشکی,سیمین
مشکی,کامبیز
مشکی,سیما
مشکی,سمیّه
مشکی,سیاوش
مشکی,سیما
مشکی,سیاوش
مشکی,سیاوش
مشکی,سیاوش
مشکی,سیاوش
مشکی,سیاوش
مشکی,سیروس
مشکی,سیمین
مشکی,شهربانو
مشکی,سیاوش
مشکی,سیاوش
مشکی,سیما
مشکی,سحر
مشکی,سهراب
مشکی,نگار
مشکی,سیامک
مشکی,قمر
مشکی,سیاوش
مشکی,سیما
مشکی,سیمین
مشکی,سیامک
مشکی,کیان
مشکی,سیما
مشکی,سیاوش
مشکی,سیامك
مشکی,سیامک
قرمز,آذر
قرمز,اریا
قرمز,گلناز
قرمز,مهراد
قرمز,سِرین
قرمز,سروین
قرمز,زهرا
قرمز,شهروز
قرمز,کریم
قرمز,آذر
قرمز,سهراب
قرمز,آذر
قرمز,هرمز
قرمز,شهباز
قرمز,گلناز
قرمز,سروش
قرمز,آذر
قرمز,شهربانو
قرمز,آذر
قرمز,رضوان
قرمز,هرمز
قرمز,آذر
قرمز,شهروز
قرمز,رباب
قرمز,زهرا
قرمز,زهرا
قرمز,شایان
قرمز,مهراد
قرمز,خسرو
قرمز,آذر
قرمز,سروش
قرمز,زهرا
قرمز,شهربانو
قرمز,سهراب
قرمز,آذر
قرمز,رزگار
قرمز,آذر
قرمز,سورین
قرمز,آلا
قرمز,رودابه
قرمز,آذر
قرمز,هرمز
قرمز,سارا
قرمز,آیدا
قرمز,رودابه
قرمز,آرتوش
قرمز,مهری
قرمز,سیاوش
قرمز,هرمز
قرمز,آذر
قرمز,آذر
قرمز,ارزو
قرمز,آرین
قرمز,خسرو
قرمز,سروش
قرمز,قنبر
قرمز,آذر
قرمز,آذر
قرمز,رودابه
قرمز,نرگس
قرمز,سهراب
قرمز,مهرناز
قرمز,آذر
سبز,الا
سبز,سرینا
سبز,سردار
سبز,گلشن
سبز,فریبرز
سبز,پری
سبز,گلشن
سبز,گلشن
سبز,نگین
سبز,زهرا
سبز,ریحان
سبز,فیروزه
سبز,نیما
سبز,گیتا
سبز,گلبرگ
سبز,زهرا
سبز,نگین
سبز,نازنین
سبز,نوید
سبز,گیتا
سبز,سهیل
سبز,سروش
سبز,گریگر
سبز,گیتی
سبز,سیمین
سبز,زینب
سبز,گلشن
سبز,فریبرز
سبز,آرین
سبز,سجاد
سبز,سرین
سبز,نوبهار
سبز,سیروس
سبز,سرین
سبز,زهرا
سبز,نگین
سبز,نگین
سبز,پارسا
سبز,نگین
سبز,نگین
سبز,سارا
سبز,سرینا
سبز,پرستو
سبز,نوید
سبز,یونس
سبز,بهرام
سبز,سروش
سبز,پرویز
سبز,پریسا
سبز,سبزعلی
سبز,گیتی
سبز,آیدا
سبز,آرمین
سبز,سبا
سبز,حسن
سبز,زریا
سبز,سرنا
سبز,نرگس
سبز,سرین
سبز,نگین
سبز,گلشن
سبز,نرگس
سبز,سیروس
سبز,گلشن
سبز,بهرام
سبز,عباس
سبز,بلورین
سبز,پریسا
سبز,فریبرز
سبز,سیاوش
سبز,سروش
سبز,نگین
سبز,نیلوفر
سبز,حسن
سبز,زیبا
سبز,سرینا
سبز,نیلوفر
سبز,سبزعلی
سبز,سارا
زرد,زرین
زرد,نرگس
زرد,زریا
زرد,زهرا
زرد,نرگس
زرد,زرین
زرد,زریا
زرد,سرینا
زرد,زریا
زرد,نرگس
زرد,نرجس
زرد,نرگس
زرد,زرین
زرد,زریا
زرد,مشکات
زرد,زینا
زرد,الهام
زرد,نرگس
زرد,نرگس
زرد,زریا
زرد,زهرا
زرد,ناز
زرد,زیبا
زرد,نیلا
زرد,نرگس
زرد,منیر
زرد,نرگس
زرد,زریا
زرد,سرینا
زرد,زرین
زرد,زیبا
زرد,نرگس
زرد,زریا
زرد,مهتاب
زرد,نرگس
زرد,زرین
زرد,پرستو
زرد,زهرا
زرد,زریا
زرد,نرگس
زرد,زرین
زرد,زریا
زرد,سرینا
زرد,نرگس
زرد,نرگس
زرد,نرگس
زرد,نرگس
زرد,زرین
زرد,نرگس
زرد,سرینا
زرد,زهرا
زرد,زرین
زرد,زهرا
زرد,لاله
زرد,زرین
زرد,زریا
زرد,زهرا
زرد,نرگس
زرد,سرور
زرد,نرگس
زرد,زینا
زرد,زریا
زرد,گلشن
زرد,نرجس
زرد,سرینا
زرد,نیلوفر
زرد,سرینا
زرد,شیدا
زرد,نرگس
زرد,زریا
زرد,نرگس
زرد,زرین
زرد,نرگس
زرد,نازیلا
زرد,زرین
قهوه‌ای,سیما
قهوه‌ای,سهراب
قهوه‌ای,سهراب
قهوه‌ای,سهراب
قهوه‌ای,کاوه
قهوه‌ای,نگین
قهوه‌ای,سحر
قهوه‌ای,سحر
قهوه‌ای,نیلوفر
قهوه‌ای,شهناز
قهوه‌ای,نیلوفر
قهوه‌ای,سینا
قهوه‌ای,سهراب
قهوه‌ای,سیمین
قهوه‌ای,سهراب
قهوه‌ای,سیمین
قهوه‌ای,سیروس
قهوه‌ای,سیاوش
قهوه‌ای,لیلا
قهوه‌ای,سهام
قهوه‌ای,سرینا
قهوه‌ای,سهراب
قهوه‌ای,سهراب
قهوه‌ای,سرنا
قهوه‌ای,شهرام
قهوه‌ای,سهراب
قهوه‌ای,کاوه
قهوه‌ای,سهراب
قهوه‌ای,سحر
قهوه‌ای,شهربانو
قهوه‌ای,ناصر
قهوه‌ای,سیروس
قهوه‌ای,شهناز
قهوه‌ای,سیما
قهوه‌ای,سهراب
قهوه‌ای,سیاوش
قهوه‌ای,سیروس
قهوه‌ای,سحر
قهوه‌ای,سحر
قهوه‌ای,کاوه
قهوه‌ای,سیما
قهوه‌ای,سهراب
قهوه‌ای,سیمین
قهوه‌ای,کاوه
قهوه‌ای,سهراب
قهوه‌ای,گودرز
قهوه‌ای,شهروز
قهوه‌ای,سیامک
قهوه‌ای,الیا
قهوه‌ای,سیاوش
قهوه‌ای,سیروس
قهوه‌ای,سیاوش
قهوه‌ای,کاوه
قهوه‌ای,قاسم
قهوه‌ای,سهراب
قهوه‌ای,سیروس
قهوه‌ای,کاوه
قهوه‌ای,سهیلا
قهوه‌ای,سهیلا
قهوه‌ای,سیاوش
قهوه‌ای,نیما
قهوه‌ای,سیاوش
قهوه‌ای,سیمین
قهوه‌ای,نهال
قهوه‌ای,کاوه
قهوه‌ای,سهیل
قهوه‌ای,مهسا
قهوه‌ای,سیمین
قهوه‌ای,سایه
قهوه‌ای,سهراب
قهوه‌ای,سحر
قهوه‌ای,سهراب
قهوه‌ای,شهناز
قهوه‌ای,سهراب
قهوه‌ای,شهرام
قهوه‌ای,شهریار
قهوه‌ای,سهراب
قهوه‌ای,قهرمان
قهوه‌ای,حنا
قهوه‌ای,امیرا
قهوه‌ای,سهراب
قهوه‌ای,نگین
قهوه‌ای,سهراب
نارنجی,نورا
نارنجی,نوین
نارنجی,نرگس
نارنجی,آریا
نارنجی,نگین
نارنجی,سارا
نارنجی,نهال
نارنجی,ناهید
نارنجی,نریمان
نارنجی,آرین
نارنجی,سرینا
نارنجی,نانا
نارنجی,نرگس
نارنجی,نرگس
نارنجی,نرگس
نارنجی,زهرا
نارنجی,سرین
نارنجی,نرگس
نارنجی,نرگس
نارنجی,آرین
نارنجی,نریمان
نارنجی,نازنین
نارنجی,نرگس
نارنجی,نریمان
نارنجی,نرگس
نارنجی,سروش
نارنجی,نرگس
نارنجی,ناهید
نارنجی,تینا
نارنجی,سارا
نارنجی,مینا
نارنجی,نرگس
نارنجی,نرگس
نارنجی,نورا
نارنجی,سروش
نارنجی,نارین
نارنجی,روشنک
نارنجی,نازنین
نارنجی,نازنین
نارنجی,نریمان
نارنجی,نازیلا
نارنجی,نریمان
نارنجی,سرینا
نارنجی,نازنین
نارنجی,نرگس
نارنجی,نرجس
نارنجی,نرگس
نارنجی,نرگس
نارنجی,نرجس
نارنجی,نرگس
نارنجی,نرگس
نارنجی,شیدا
نارنجی,سَرین
نارنجی,زهرا
نارنجی,نرگس
نارنجی,نرگس
نارنجی,نرجس
نارنجی,نورا
نارنجی,رنگین
نارنجی,سارا
نارنجی,سحر
نارنجی,میترا
نارنجی,رویا
نارنجی,فرهناز
نارنجی,نگین
نارنجی,رنگین
نارنجی,رنگین
نارنجی,نازنین
نارنجی,نرگس
نارنجی,نیکا
نارنجی,آرین
نارنجی,شهرناز
نارنجی,نازنین
نارنجی,نرگس
نارنجی,نیلوفر
نارنجی,سرینا
نارنجی,نرگس
نارنجی,نرگس
طوسی,روشنک
طوسی,آنا
طوسی,زهرا
طوسی,نیلوفر
طوسی,نگین
طوسی,نرگس
طوسی,سیامک
طوسی,نیلوفر
طوسی,توران
طوسی,سهیلا
طوسی,آزرا
طوسی,سحر
طوسی,آذر
طوسی,منیژه
طوسی,مژگان
طوسی,هانیه
طوسی,زهرا
طوسی,نیما
طوسی,ناهید
طوسی,نادیا
طوسی,بهناز
طوسی,فریبا
طوسی,سرین
طوسی,نرگس
طوسی,نرگس
طوسی,آذر
طوسی,نیلوفر
طوسی,نیلوفر
طوسی,نیلوفر
طوسی,آناهیتا
طوسی,نرگس
طوسی,سما
طوسی,نرگس
طوسی,زهرا
طوسی,پروین
طوسی,سرنا
طوسی,ازاد
طوسی,نیما
طوسی,گیتی
طوسی,سما
طوسی,سحر
طوسی,سحر
طوسی,آسمان
طوسی,فاطمه
طوسی,نیلا
طوسی,مرجان
طوسی,مینا
طوسی,آناهیتا
طوسی,نیما
طوسی,نگین
طوسی,نگین
طوسی,نرگس
طوسی,حسن
طوسی,مهناز
طوسی,نگین
طوسی,نرگس
طوسی,فریبا
طوسی,نادیا
طوسی,نازنین
طوسی,آناهیتا
طوسی,سرینا
طوسی,مهرناز
طوسی,نرگس
طوسی,نیلوفر
طوسی,شایان
طوسی,آسمان
طوسی,نیما
طوسی,نگین
طوسی,منوچهر
طوسی,نیلوفر
طوسی,نگین
طوسی,شایان
طوسی,رامین
طوسی,پریسا
طوسی,هستی
طوسی,نیما
طوسی,آذین
طوسی,سیمین
طوسی,نوذر
طوسی,Termeh
طوسی,سرور
طوسی,نوژن
طوسی,سرین
طوسی,نگار
