Sport,LLM-Generated Name
فوتبال,آرش
فوتبال,آرش
فوتبال,آرش
فوتبال,آرش
فوتبال,آرش
فوتبال,آرش
فوتبال,آرش
فوتبال,آرش
فوتبال,آرش
فوتبال,آرش
فوتبال,آرش
فوتبال,آرش
فوتبال,آرش
فوتبال,آرش
فوتبال,آرش
فوتبال,آرش
فوتبال,آرش
فوتبال,آرش
فوتبال,آرش
فوتبال,آرش
فوتبال,آرش
فوتبال,آرش
فوتبال,آرش
فوتبال,آرش
فوتبال,آرش
فوتبال,آرش
فوتبال,آرش
فوتبال,آرش
فوتبال,آرش
فوتبال,آرش
فوتبال,آرش
فوتبال,آرش
فوتبال,آرش
فوتبال,آرش
فوتبال,آرش
فوتبال,آرش
فوتبال,آرش
فوتبال,آرش
فوتبال,آرش
فوتبال,آرش
فوتبال,آرش
فوتبال,آرش
فوتبال,آرش
فوتبال,آرش
فوتبال,آرش
فوتبال,آرش
فوتبال,آرش
فوتبال,آرش
فوتبال,آرش
فوتبال,آرش
فوتبال,آرش
فوتبال,آرش
فوتبال,آرش
فوتبال,آرش
فوتبال,آرش
فوتبال,آرش
فوتبال,آرش
فوتبال,آرش
فوتبال,آرش
فوتبال,آرش
فوتبال,آرش
فوتبال,آرش
فوتبال,آرش
فوتبال,آرش
فوتبال,آرش
فوتبال,آرش
فوتبال,آرش
فوتبال,آرش
فوتبال,آرش
فوتبال,آرش
فوتبال,آرش
فوتبال,آرش
فوتبال,آرش
فوتبال,آرش
فوتبال,آرش
فوتبال,آرش
فوتبال,آرش
فوتبال,آرش
فوتبال,آرش
فوتبال,آرش
فوتبال,آرش
فوتبال,آرش
فوتبال,آرش
فوتبال,آرش
فوتبال,آرش
فوتبال,آرش
فوتبال,آرش
فوتبال,آرش
فوتبال,آرش
فوتبال,آرش
فوتبال,آرش
فوتبال,آرش
فوتبال,آرش
فوتبال,آرش
فوتبال,آرش
فوتبال,آرش
فوتبال,آرش
فوتبال,آرش
فوتبال,آرش
فوتبال,آرش
تنیس,آریا
تنیس,آریا
تنیس,رامین
تنیس,آریا
تنیس,آریا
تنیس,آریا
تنیس,آریا
تنیس,آریا
تنیس,آریا
تنیس,آریا
تنیس,رامین
تنیس,آریا
تنیس,آریا
تنیس,آریا
تنیس,آریا
تنیس,آریا
تنیس,آرش
تنیس,آریا
تنیس,آریا
تنیس,رامین
تنیس,آریا
تنیس,رامین
تنیس,آریا
تنیس,آریا
تنیس,آریا
تنیس,آریا
تنیس,آریا
تنیس,ارشیا
تنیس,آریا
تنیس,آریا
تنیس,رامین
تنیس,آرش
تنیس,آریا
تنیس,ارشیا
تنیس,آریا
تنیس,آریا
تنیس,رامین
تنیس,ارشیا
تنیس,آریا
تنیس,آریا
تنیس,رامین
تنیس,رامین
تنیس,ارشیا
تنیس,آریا
تنیس,آریا
تنیس,آرش
تنیس,آریا
تنیس,آریا
تنیس,آریا
تنیس,آریا
تنیس,آریا
تنیس,ارشیا
تنیس,آریا
تنیس,آریا
تنیس,آریا
تنیس,رامین
تنیس,آریا
تنیس,آریا
تنیس,آریا
تنیس,آریا
تنیس,آریا
تنیس,آریا
تنیس,آریا
تنیس,رامین
تنیس,ارشیا
تنیس,ارشیا
تنیس,ارشیا
تنیس,آریا
تنیس,آریا
تنیس,آریا
تنیس,آریا
تنیس,آریا
تنیس,ارشیا
تنیس,آریا
تنیس,آریا
تنیس,آریا
تنیس,رامین
تنیس,آریا
تنیس,رامین
تنیس,آرش
تنیس,رامین
تنیس,آریا
تنیس,آریا
تنیس,ارشیا
تنیس,رامین
تنیس,آریا
تنیس,آریا
تنیس,رامین
تنیس,آریا
تنیس,آریا
تنیس,آریا
تنیس,آریا
تنیس,آریا
تنیس,آریا
تنیس,ارشیا
تنیس,آریا
تنیس,ارشیا
تنیس,آریا
تنیس,آریا
تنیس,آریا
والیبال,توحید
والیبال,توحید
والیبال,توحید
والیبال,آرش
والیبال,آرش
والیبال,آرش
والیبال,آرش
والیبال,آرش
والیبال,توحید
والیبال,توحید
والیبال,آرش
والیبال,توحید
والیبال,توحید
والیبال,توحید
والیبال,توحید
والیبال,آرش
والیبال,آرش
والیبال,توحید
والیبال,توحید
والیبال,توحید
والیبال,آرش
والیبال,آرش
والیبال,توحید
والیبال,آرش
والیبال,آرش
والیبال,آرش
والیبال,توحید
والیبال,توحید
والیبال,آرش
والیبال,آرش
والیبال,توحید
والیبال,توحید
والیبال,آرش
والیبال,توحید
والیبال,توحید
والیبال,آرش
والیبال,توحید
والیبال,آرش
والیبال,توحید
والیبال,آرش
والیبال,توحید
والیبال,توحید
والیبال,توحید
والیبال,توحید
والیبال,آرش
والیبال,آرش
والیبال,توحید
والیبال,آرش
والیبال,توحید
والیبال,توحید
والیبال,توحید
والیبال,توحید
والیبال,توحید
والیبال,آرش
والیبال,توحید
والیبال,توحید
والیبال,آرش
والیبال,آرش
والیبال,آرش
والیبال,آرش
والیبال,توحید
والیبال,آرش
والیبال,آرش
والیبال,آرش
والیبال,آرش
والیبال,توحید
والیبال,توحید
والیبال,توحید
والیبال,توحید
والیبال,توحید
والیبال,توحید
والیبال,توحید
والیبال,آرش
والیبال,آرش
والیبال,توحید
والیبال,آرش
والیبال,توحید
والیبال,آرش
والیبال,آرش
والیبال,توحید
والیبال,توحید
والیبال,توحید
والیبال,آرش
والیبال,آرش
والیبال,آرش
والیبال,توحید
والیبال,توحید
والیبال,توحید
والیبال,توحید
والیبال,توحید
والیبال,توحید
والیبال,آرش
والیبال,توحید
والیبال,توحید
والیبال,توحید
والیبال,توحید
والیبال,توحید
والیبال,توحید
بسکتبال,فرهاد
بسکتبال,فرهاد
بسکتبال,فرهاد
بسکتبال,آراد
بسکتبال,فرهاد
بسکتبال,فرهاد
بسکتبال,آراد
بسکتبال,آرش
بسکتبال,فرهاد
بسکتبال,آرش
بسکتبال,آرش
بسکتبال,فرهاد
بسکتبال,فرهاد
بسکتبال,آریا
بسکتبال,فرهاد
بسکتبال,فرهاد
بسکتبال,فرهاد
بسکتبال,آراد
بسکتبال,توحید
بسکتبال,آراد
بسکتبال,آراد
بسکتبال,آرش
بسکتبال,آریا
بسکتبال,فرهاد
بسکتبال,فرهاد
بسکتبال,فرهاد
بسکتبال,آراد
بسکتبال,فرهاد
بسکتبال,آراد
بسکتبال,آراد
بسکتبال,آراد
بسکتبال,فرهاد
بسکتبال,توحید
بسکتبال,فرهاد
بسکتبال,آراد
بسکتبال,فرهاد
بسکتبال,فرهاد
بسکتبال,فرهاد
بسکتبال,توحید
بسکتبال,توحید
بسکتبال,آراد
بسکتبال,توحید
بسکتبال,فرهاد
بسکتبال,آراد
بسکتبال,آراد
بسکتبال,فرهاد
بسکتبال,آرش
بسکتبال,آراد
بسکتبال,آراد
بسکتبال,آراد
بسکتبال,فرهاد
بسکتبال,فرهاد
بسکتبال,فرهاد
بسکتبال,فرهاد
بسکتبال,آراد
بسکتبال,فرهاد
بسکتبال,آراد
بسکتبال,فرهاد
بسکتبال,فرهاد
بسکتبال,آراد
بسکتبال,آراد
بسکتبال,توحید
بسکتبال,آراد
بسکتبال,فرهاد
بسکتبال,آراد
بسکتبال,فرهاد
بسکتبال,آریا
بسکتبال,آراد
بسکتبال,فرهاد
بسکتبال,فرهاد
بسکتبال,توحید
بسکتبال,آراد
بسکتبال,فرهاد
بسکتبال,آراد
بسکتبال,آریا
بسکتبال,آریا
بسکتبال,آرش
بسکتبال,آرش
بسکتبال,آراد
بسکتبال,آراد
بسکتبال,آراد
بسکتبال,آراد
بسکتبال,فرهاد
بسکتبال,توحید
بسکتبال,فرهاد
بسکتبال,فرهاد
بسکتبال,آرش
بسکتبال,فرهاد
بسکتبال,آریا
بسکتبال,آرش
بسکتبال,آرش
بسکتبال,فرهاد
بسکتبال,آرش
بسکتبال,آرش
بسکتبال,آراد
بسکتبال,آراد
بسکتبال,فرهاد
بسکتبال,فرهاد
بسکتبال,فرهاد
بسکتبال,آراد
کشتی,پهلوان
کشتی,پهلوان
کشتی,پهلوان
کشتی,پهلوان
کشتی,پهلوان
کشتی,پهلوان
کشتی,پهلوان
کشتی,پهلوان
کشتی,پهلوان
کشتی,پهلوان
کشتی,پهلوان
کشتی,پهلوان
کشتی,پهلوان
کشتی,پهلوان
کشتی,پهلوان
کشتی,پهلوان
کشتی,پهلوان
کشتی,پهلوان
کشتی,پهلوان
کشتی,پهلوان
کشتی,پهلوان
کشتی,پهلوان
کشتی,پهلوان
کشتی,پهلوان
کشتی,پهلوان
کشتی,پهلوان
کشتی,پهلوان
کشتی,پوریا
کشتی,پهلوان
کشتی,پهلوان
کشتی,پهلوان
کشتی,پهلوان
کشتی,پهلوان
کشتی,پوریا
کشتی,پهلوان
کشتی,پهلوان
کشتی,پهلوان
کشتی,پوریا
کشتی,پهلوان
کشتی,پهلوان
کشتی,پهلوان
کشتی,پهلوان
کشتی,پهلوان
کشتی,پهلوان
کشتی,پهلوان
کشتی,پهلوان
کشتی,پهلوان
کشتی,پهلوان
کشتی,پهلوان
کشتی,پهلوان
کشتی,پهلوان
کشتی,پهلوان
کشتی,پهلوان
کشتی,پهلوان
کشتی,پهلوان
کشتی,پهلوان
کشتی,پهلوان
کشتی,پوریا
کشتی,پهلوان
کشتی,پهلوان
کشتی,پهلوان
کشتی,پهلوان
کشتی,پهلوان
کشتی,پهلوان
کشتی,پهلوان
کشتی,پهلوان
کشتی,پوریا
کشتی,پهلوان
کشتی,پوریا
کشتی,پهلوان
کشتی,پهلوان
کشتی,پهلوان
کشتی,پهلوان
کشتی,پهلوان
کشتی,پهلوان
کشتی,پهلوان
کشتی,پهلوان
کشتی,پهلوان
کشتی,پهلوان
کشتی,پهلوان
کشتی,پهلوان
کشتی,پهلوان
کشتی,پهلوان
کشتی,پهلوان
کشتی,پهلوان
کشتی,پهلوان
کشتی,پهلوان
کشتی,پهلوان
کشتی,پهلوان
کشتی,پوریا
کشتی,پهلوان
کشتی,پهلوان
کشتی,پهلوان
کشتی,پهلوان
کشتی,پهلوان
کشتی,پهلوان
کشتی,پهلوان
کشتی,پهلوان
کشتی,پهلوان
کشتی,پهلوان
ژیمناستیک,پریسا
ژیمناستیک,پریسا
ژیمناستیک,پریسا
ژیمناستیک,پریسا
ژیمناستیک,پریسا
ژیمناستیک,پریسا
ژیمناستیک,پریسا
ژیمناستیک,پریسا
ژیمناستیک,پریسا
ژیمناستیک,پریسا
ژیمناستیک,پریسا
ژیمناستیک,پریسا
ژیمناستیک,پریسا
ژیمناستیک,پریسا
ژیمناستیک,پریسا
ژیمناستیک,پریسا
ژیمناستیک,پریسا
ژیمناستیک,پریسا
ژیمناستیک,پریسا
ژیمناستیک,پریسا
ژیمناستیک,پریسا
ژیمناستیک,پریسا
ژیمناستیک,پریسا
ژیمناستیک,پریسا
ژیمناستیک,پریسا
ژیمناستیک,پهلوان
ژیمناستیک,پریسا
ژیمناستیک,پریسا
ژیمناستیک,پریسا
ژیمناستیک,پریسا
ژیمناستیک,پریسا
ژیمناستیک,پریسا
ژیمناستیک,پریسا
ژیمناستیک,پریسا
ژیمناستیک,پریسا
ژیمناستیک,پریسا
ژیمناستیک,پریسا
ژیمناستیک,پریسا
ژیمناستیک,پریسا
ژیمناستیک,پریسا
ژیمناستیک,پریسا
ژیمناستیک,پریسا
ژیمناستیک,پریسا
ژیمناستیک,پریسا
ژیمناستیک,پریسا
ژیمناستیک,پریسا
ژیمناستیک,پریسا
ژیمناستیک,پریسا
ژیمناستیک,پریسا
ژیمناستیک,پریسا
ژیمناستیک,پریسا
ژیمناستیک,پریسا
ژیمناستیک,پریسا
ژیمناستیک,پریسا
ژیمناستیک,پریسا
ژیمناستیک,پریسا
ژیمناستیک,پریسا
ژیمناستیک,پریسا
ژیمناستیک,پریسا
ژیمناستیک,پریسا
ژیمناستیک,پریسا
ژیمناستیک,پهلوان
ژیمناستیک,پریسا
ژیمناستیک,پریسا
ژیمناستیک,پریسا
ژیمناستیک,پریسا
ژیمناستیک,پریسا
ژیمناستیک,پریسا
ژیمناستیک,پریسا
ژیمناستیک,پریسا
ژیمناستیک,پریسا
ژیمناستیک,پریسا
ژیمناستیک,پریسا
ژیمناستیک,پریسا
ژیمناستیک,پریسا
ژیمناستیک,پریسا
ژیمناستیک,پریسا
ژیمناستیک,پریسا
ژیمناستیک,پریسا
ژیمناستیک,پریسا
ژیمناستیک,پریسا
ژیمناستیک,پریسا
ژیمناستیک,پریسا
ژیمناستیک,پریسا
ژیمناستیک,پریسا
ژیمناستیک,پریسا
ژیمناستیک,پریسا
ژیمناستیک,پریسا
ژیمناستیک,پریسا
ژیمناستیک,پریسا
ژیمناستیک,پریسا
ژیمناستیک,پریسا
ژیمناستیک,پریسا
ژیمناستیک,پریسا
ژیمناستیک,پریسا
ژیمناستیک,پریسا
ژیمناستیک,پریسا
ژیمناستیک,پریسا
ژیمناستیک,پریسا
ژیمناستیک,پریسا
شنا,آبتین
شنا,آبتین
شنا,آبتین
شنا,آبتین
شنا,آبتین
شنا,آبتین
شنا,آبتین
شنا,آبتین
شنا,آبتین
شنا,آبتین
شنا,آبتین
شنا,آبتین
شنا,آبتین
شنا,آبتین
شنا,آبتین
شنا,آبتین
شنا,آبتین
شنا,آبتین
شنا,آبتین
شنا,آبتین
شنا,آبتین
شنا,آبتین
شنا,آبتین
شنا,آبتین
شنا,آبتین
شنا,آبتین
شنا,آبتین
شنا,آبتین
شنا,آبتین
شنا,آبتین
شنا,آبتین
شنا,آبتین
شنا,آبتین
شنا,آبتین
شنا,آبتین
شنا,آبتین
شنا,آبتین
شنا,آبتین
شنا,آبتین
شنا,آبتین
شنا,آبتین
شنا,آبتین
شنا,آبتین
شنا,آبتین
شنا,آبتین
شنا,آبتین
شنا,آبتین
شنا,آبتین
شنا,آبتین
شنا,آبتین
شنا,آبتین
شنا,آبتین
شنا,آبتین
شنا,آبتین
شنا,آبتین
شنا,آبتین
شنا,آبتین
شنا,آبتین
شنا,آبتین
شنا,آبتین
شنا,آبتین
شنا,آبتین
شنا,آبتین
شنا,آبتین
شنا,آبتین
شنا,آبتین
شنا,آبتین
شنا,آبتین
شنا,آبتین
شنا,آبتین
شنا,آبتین
شنا,آبتین
شنا,آبتین
شنا,آبتین
شنا,آبتین
شنا,آبتین
شنا,آبتین
شنا,آبتین
شنا,آبتین
شنا,آبتین
شنا,آبتین
شنا,آبتین
شنا,آبتین
شنا,آبتین
شنا,آبتین
شنا,آبتین
شنا,آبتین
شنا,آبتین
شنا,آبتین
شنا,آبتین
شنا,آبتین
شنا,آبتین
شنا,آبتین
شنا,آبتین
شنا,آبتین
شنا,آبتین
شنا,آبتین
شنا,آبتین
شنا,آبتین
شنا,آبتین
اسکیت نمایشی,رویا
اسکیت نمایشی,ستاره
اسکیت نمایشی,روناک
اسکیت نمایشی,رها
اسکیت نمایشی,آناهیتا
اسکیت نمایشی,بهار
اسکیت نمایشی,ستاره
اسکیت نمایشی,آرامیس
اسکیت نمایشی,آناهیتا
اسکیت نمایشی,ستاره
اسکیت نمایشی,آرزو
اسکیت نمایشی,رخساره
اسکیت نمایشی,آذر
اسکیت نمایشی,رها
اسکیت نمایشی,رها
اسکیت نمایشی,آرامیس
اسکیت نمایشی,آرام
اسکیت نمایشی,لیلا
اسکیت نمایشی,بهار
اسکیت نمایشی,ماندانا
اسکیت نمایشی,آذر
اسکیت نمایشی,رها
اسکیت نمایشی,آرامیس
اسکیت نمایشی,پریسا
اسکیت نمایشی,نسترن
اسکیت نمایشی,رها
اسکیت نمایشی,بهار
اسکیت نمایشی,ستاره
اسکیت نمایشی,آرامیس
اسکیت نمایشی,شیدا
اسکیت نمایشی,نيلوفر
اسکیت نمایشی,رها
اسکیت نمایشی,ستاره
اسکیت نمایشی,رخساره
اسکیت نمایشی,رها
اسکیت نمایشی,آذر
اسکیت نمایشی,لیلا
اسکیت نمایشی,شادی
اسکیت نمایشی,شیدا
اسکیت نمایشی,ستاره
اسکیت نمایشی,روشا
اسکیت نمایشی,نارین
اسکیت نمایشی,آرامیس
اسکیت نمایشی,رها
اسکیت نمایشی,رها
اسکیت نمایشی,آذر
اسکیت نمایشی,آذر
اسکیت نمایشی,آرزو
اسکیت نمایشی,آذر
اسکیت نمایشی,رها
اسکیت نمایشی,رویا
اسکیت نمایشی,ستاره
اسکیت نمایشی,آذر
اسکیت نمایشی,آرام
اسکیت نمایشی,ستاره
اسکیت نمایشی,پریسا
اسکیت نمایشی,آذر
اسکیت نمایشی,ماندانا
اسکیت نمایشی,ماندانا
اسکیت نمایشی,پریسا
اسکیت نمایشی,آذر
اسکیت نمایشی,روژان
اسکیت نمایشی,ستاره
اسکیت نمایشی,لیلا
اسکیت نمایشی,ستاره
اسکیت نمایشی,پریسا
اسکیت نمایشی,ماندانا
اسکیت نمایشی,شیدا
اسکیت نمایشی,رها
اسکیت نمایشی,روژان
اسکیت نمایشی,رها
اسکیت نمایشی,نفس
اسکیت نمایشی,ستاره
اسکیت نمایشی,سارا
اسکیت نمایشی,آذر
اسکیت نمایشی,ماندانا
اسکیت نمایشی,آذر
اسکیت نمایشی,رها
اسکیت نمایشی,ماندانا
اسکیت نمایشی,آرام
اسکیت نمایشی,رویا
اسکیت نمایشی,آرامیس
اسکیت نمایشی,ستاره
اسکیت نمایشی,رها
اسکیت نمایشی,آذر
اسکیت نمایشی,نرمین
اسکیت نمایشی,ماندانا
اسکیت نمایشی,آرامیس
اسکیت نمایشی,رخساره
اسکیت نمایشی,ستاره
اسکیت نمایشی,رها
اسکیت نمایشی,ماندانا
اسکیت نمایشی,روشا
اسکیت نمایشی,شادی
اسکیت نمایشی,پریسا
اسکیت نمایشی,روشا
اسکیت نمایشی,ستاره
اسکیت نمایشی,ستاره
اسکیت نمایشی,مینا
اسکیت نمایشی,رویا
بوکس,بهادر
بوکس,غلامرضا
بوکس,غلامرضا
بوکس,غضنفر
بوکس,بهمن
بوکس,غلامرضا
بوکس,پیروز
بوکس,غلامرضا
بوکس,غلامرضا
بوکس,غلامرضا
بوکس,غلامرضا
بوکس,غلامرضا
بوکس,بهادر
بوکس,غلامرضا
بوکس,غلامرضا
بوکس,پیروز
بوکس,بهمن
بوکس,بهادر
بوکس,غضنفر
بوکس,بهادر
بوکس,غلامرضا
بوکس,بهمن
بوکس,بهادر
بوکس,بهمن
بوکس,غلامرضا
بوکس,بهمن
بوکس,غلامرضا
بوکس,غلامرضا
بوکس,غلام
بوکس,بهادر
بوکس,بهادر
بوکس,بهمن
بوکس,بهمن
بوکس,غلامرضا
بوکس,بهمن
بوکس,غلامرضا
بوکس,غلامرضا
بوکس,غلامرضا
بوکس,بهمن
بوکس,بهمن
بوکس,غلامرضا
بوکس,بهمن
بوکس,بهادر
بوکس,پیروز
بوکس,بهمن
بوکس,پیروز
بوکس,بهمن
بوکس,بهادر
بوکس,غضنفر
بوکس,بهادر
بوکس,غضنفر
بوکس,غلام
بوکس,پیروز
بوکس,غلامرضا
بوکس,بهمن
بوکس,بهمن
بوکس,بهادر
بوکس,بهمن
بوکس,پیروز
بوکس,غلامرضا
بوکس,پیروز
بوکس,بهمن
بوکس,غلامرضا
دو و میدانی,پویا
دو و میدانی,پویا
دو و میدانی,پویا
دو و میدانی,پویا
دو و میدانی,پویا
دو و میدانی,پویا
دو و میدانی,پویا
دو و میدانی,پویا
دو و میدانی,پویان
دو و میدانی,پویان
دو و میدانی,پویا
دو و میدانی,پویا
دو و میدانی,پویا
دو و میدانی,پویان
دو و میدانی,پویا
دو و میدانی,پویا
دو و میدانی,پویا
دو و میدانی,پویا
دو و میدانی,پویا
دو و میدانی,پویان
دو و میدانی,پویا
دو و میدانی,پویا
دو و میدانی,پویا
دو و میدانی,پویا
دو و میدانی,پویا
دو و میدانی,پویا
دو و میدانی,پویا
دو و میدانی,پویان
دو و میدانی,پویا
دو و میدانی,پویا
دو و میدانی,پویا
دو و میدانی,پویا
دو و میدانی,پویا
دو و میدانی,پویا
دو و میدانی,پویا
دو و میدانی,پویا
دو و میدانی,پویا
دو و میدانی,پویا
دو و میدانی,پویان
دو و میدانی,پویا
دو و میدانی,پویا
دو و میدانی,پویان
دو و میدانی,پویا
دو و میدانی,پویا
دو و میدانی,پویان
دو و میدانی,پویا
دو و میدانی,پویان
دو و میدانی,پویا
دو و میدانی,پویا
دو و میدانی,پویا
دو و میدانی,پویا
دو و میدانی,پویان
دو و میدانی,پویان
دو و میدانی,پویا
دو و میدانی,پویا
دو و میدانی,پویا
دو و میدانی,پویا
دو و میدانی,پویا
دو و میدانی,پویا
دو و میدانی,پویا
دو و میدانی,پویا
دو و میدانی,پویا
دو و میدانی,پویا
دو و میدانی,پویا
دو و میدانی,پویان
دو و میدانی,پویا
دو و میدانی,پویا
دو و میدانی,پویا
دو و میدانی,پویا
دو و میدانی,پویا
دو و میدانی,پویا
دو و میدانی,پویا
دو و میدانی,پویا
دو و میدانی,پویان
دو و میدانی,پویا
دو و میدانی,پویا
دو و میدانی,پویا
دو و میدانی,پویا
دو و میدانی,پویا
دو و میدانی,پویا
دو و میدانی,پویا
دو و میدانی,پویا
دو و میدانی,پویا
دو و میدانی,پویا
دو و میدانی,پویا
دو و میدانی,پویا
دو و میدانی,پویان
دو و میدانی,پویا
دو و میدانی,پویا
دو و میدانی,پویا
دو و میدانی,پویا
دو و میدانی,پویا
دو و میدانی,پویا
دو و میدانی,پویا
دو و میدانی,پویا
دو و میدانی,پویا
دو و میدانی,پویا
دو و میدانی,پویا
دو و میدانی,پویان
دو و میدانی,پویا
